threshold,sensitivity,specificity,accuracy,balanced_accuracy,precision,f1,tn,fp,fn,tp,meets_constraints
0.004011472221463919,1.0,0.0,0.36548223350253806,0.5,0.36548223350253806,0.5353159851301115,0,125,0,72,False
0.00873512588441372,1.0,0.008,0.37055837563451777,0.504,0.3673469387755102,0.5373134328358209,1,124,0,72,False
0.009885207749903202,1.0,0.016,0.3756345177664975,0.508,0.36923076923076925,0.5393258426966292,2,123,0,72,False
0.01718338392674923,1.0,0.024,0.38071065989847713,0.512,0.3711340206185567,0.5413533834586466,3,122,0,72,False
0.017874402925372124,1.0,0.032,0.38578680203045684,0.516,0.37305699481865284,0.5433962264150943,4,121,0,72,False
0.018910104408860207,1.0,0.04,0.39086294416243655,0.52,0.375,0.5454545454545454,5,120,0,72,False
0.020625680685043335,1.0,0.048,0.39593908629441626,0.524,0.3769633507853403,0.5475285171102662,6,119,0,72,False
0.022132104262709618,1.0,0.056,0.4010152284263959,0.528,0.37894736842105264,0.549618320610687,7,118,0,72,False
0.022683782503008842,1.0,0.064,0.40609137055837563,0.532,0.38095238095238093,0.5517241379310345,8,117,0,72,False
0.022726699709892273,1.0,0.072,0.41116751269035534,0.536,0.3829787234042553,0.5538461538461539,9,116,0,72,False
0.02474801428616047,1.0,0.08,0.41624365482233505,0.54,0.3850267379679144,0.555984555984556,10,115,0,72,False
0.026295725256204605,1.0,0.088,0.4213197969543147,0.544,0.3870967741935484,0.5581395348837209,11,114,0,72,False
0.02686445601284504,0.9861111111111112,0.088,0.41624365482233505,0.5370555555555556,0.3837837837837838,0.5525291828793775,11,114,1,71,False
0.030376411974430084,0.9861111111111112,0.096,0.4213197969543147,0.5410555555555556,0.3858695652173913,0.5546875,12,113,1,71,False
0.03176073357462883,0.9861111111111112,0.104,0.4263959390862944,0.5450555555555556,0.3879781420765027,0.5568627450980392,13,112,1,71,False
0.033984407782554626,0.9861111111111112,0.112,0.43147208121827413,0.5490555555555556,0.3901098901098901,0.5590551181102362,14,111,1,71,False
0.03465886041522026,0.9861111111111112,0.12,0.4365482233502538,0.5530555555555556,0.39226519337016574,0.5612648221343873,15,110,1,71,False
0.03726271167397499,0.9861111111111112,0.128,0.4416243654822335,0.5570555555555556,0.39444444444444443,0.5634920634920635,16,109,1,71,False
0.037433136254549026,0.9861111111111112,0.136,0.4467005076142132,0.5610555555555556,0.39664804469273746,0.5657370517928287,17,108,1,71,False
0.0376422293484211,0.9861111111111112,0.144,0.4517766497461929,0.5650555555555555,0.398876404494382,0.568,18,107,1,71,False
0.039578426629304886,0.9861111111111112,0.152,0.45685279187817257,0.5690555555555555,0.4011299435028249,0.5702811244979921,19,106,1,71,False
0.04007800295948982,0.9861111111111112,0.16,0.4619289340101523,0.5730555555555555,0.4034090909090909,0.5725806451612903,20,105,1,71,False
0.04549280181527138,0.9861111111111112,0.168,0.467005076142132,0.5770555555555555,0.4057142857142857,0.5748987854251012,21,104,1,71,False
0.04792845621705055,0.9861111111111112,0.176,0.4720812182741117,0.5810555555555555,0.40804597701149425,0.5772357723577235,22,103,1,71,False
0.048285286873579025,0.9861111111111112,0.184,0.47715736040609136,0.5850555555555556,0.41040462427745666,0.5795918367346939,23,102,1,71,False
0.0485115610063076,0.9861111111111112,0.192,0.48223350253807107,0.5890555555555556,0.4127906976744186,0.5819672131147541,24,101,1,71,False
0.04924200102686882,0.9861111111111112,0.2,0.4873096446700508,0.5930555555555556,0.4152046783625731,0.5843621399176955,25,100,1,71,False
0.0501510314643383,0.9861111111111112,0.208,0.49238578680203043,0.5970555555555556,0.4176470588235294,0.5867768595041323,26,99,1,71,False
0.052136532962322235,0.9861111111111112,0.216,0.49746192893401014,0.6010555555555556,0.42011834319526625,0.5892116182572614,27,98,1,71,False
0.055549927055835724,0.9861111111111112,0.224,0.5025380710659898,0.6050555555555556,0.4226190476190476,0.5916666666666667,28,97,1,71,False
0.05856572836637497,0.9861111111111112,0.232,0.5076142131979695,0.6090555555555556,0.4251497005988024,0.594142259414226,29,96,1,71,False
0.06021030619740486,0.9861111111111112,0.24,0.5126903553299492,0.6130555555555556,0.42771084337349397,0.5966386554621849,30,95,1,71,False
0.060470059514045715,0.9861111111111112,0.248,0.5177664974619289,0.6170555555555556,0.4303030303030303,0.5991561181434599,31,94,1,71,False
0.061752624809741974,0.9861111111111112,0.256,0.5228426395939086,0.6210555555555556,0.4329268292682927,0.6016949152542374,32,93,1,71,False
0.06194882094860077,0.9722222222222222,0.256,0.5177664974619289,0.614111111111111,0.4294478527607362,0.5957446808510638,32,93,2,70,False
0.06253247708082199,0.9583333333333334,0.256,0.5126903553299492,0.6071666666666666,0.42592592592592593,0.5897435897435898,32,93,3,69,False
0.06451304256916046,0.9583333333333334,0.264,0.5177664974619289,0.6111666666666666,0.42857142857142855,0.592274678111588,33,92,3,69,False
0.06628929823637009,0.9583333333333334,0.272,0.5228426395939086,0.6151666666666666,0.43125,0.5948275862068966,34,91,3,69,False
0.07158287614583969,0.9583333333333334,0.28,0.5279187817258884,0.6191666666666666,0.4339622641509434,0.5974025974025975,35,90,3,69,False
0.07175087928771973,0.9583333333333334,0.288,0.5329949238578681,0.6231666666666666,0.43670886075949367,0.6,36,89,3,69,False
0.07293615490198135,0.9583333333333334,0.296,0.5380710659898477,0.6271666666666667,0.4394904458598726,0.6026200873362446,37,88,3,69,False
0.07478324323892593,0.9583333333333334,0.304,0.5431472081218274,0.6311666666666667,0.4423076923076923,0.6052631578947368,38,87,3,69,False
0.07769086211919785,0.9583333333333334,0.312,0.5482233502538071,0.6351666666666667,0.44516129032258067,0.6079295154185022,39,86,3,69,False
0.07803410291671753,0.9583333333333334,0.32,0.5532994923857868,0.6391666666666667,0.44805194805194803,0.6106194690265486,40,85,3,69,False
0.0781661793589592,0.9583333333333334,0.328,0.5583756345177665,0.6431666666666667,0.45098039215686275,0.6133333333333333,41,84,3,69,False
0.08182569593191147,0.9583333333333334,0.336,0.5634517766497462,0.6471666666666667,0.45394736842105265,0.6160714285714286,42,83,3,69,False
0.08210157603025436,0.9583333333333334,0.344,0.5685279187817259,0.6511666666666667,0.45695364238410596,0.6188340807174888,43,82,3,69,False
0.08468242734670639,0.9583333333333334,0.352,0.5736040609137056,0.6551666666666667,0.46,0.6216216216216216,44,81,3,69,False
0.0897793099284172,0.9583333333333334,0.36,0.5786802030456852,0.6591666666666667,0.46308724832214765,0.6244343891402715,45,80,3,69,False
0.09265437722206116,0.9583333333333334,0.368,0.583756345177665,0.6631666666666667,0.46621621621621623,0.6272727272727272,46,79,3,69,False
0.09505666047334671,0.9583333333333334,0.376,0.5888324873096447,0.6671666666666667,0.46938775510204084,0.6301369863013699,47,78,3,69,False
0.09673339128494263,0.9444444444444444,0.376,0.583756345177665,0.6602222222222223,0.4657534246575342,0.6238532110091743,47,78,4,68,False
0.10107330232858658,0.9444444444444444,0.384,0.5888324873096447,0.6642222222222223,0.4689655172413793,0.6267281105990783,48,77,4,68,False
0.10158803313970566,0.9444444444444444,0.392,0.5939086294416244,0.6682222222222223,0.4722222222222222,0.6296296296296297,49,76,4,68,False
0.1022103801369667,0.9444444444444444,0.4,0.5989847715736041,0.6722222222222223,0.4755244755244755,0.6325581395348837,50,75,4,68,False
0.10712440311908722,0.9444444444444444,0.408,0.6040609137055838,0.6762222222222222,0.4788732394366197,0.6355140186915887,51,74,4,68,False
0.11369282007217407,0.9444444444444444,0.416,0.6091370558375635,0.6802222222222222,0.48226950354609927,0.6384976525821596,52,73,4,68,False
0.11401352286338806,0.9444444444444444,0.424,0.6142131979695431,0.6842222222222222,0.4857142857142857,0.6415094339622641,53,72,4,68,False
0.11467649787664413,0.9444444444444444,0.432,0.6192893401015228,0.6882222222222222,0.4892086330935252,0.6445497630331753,54,71,4,68,False
0.11632894724607468,0.9444444444444444,0.44,0.6243654822335025,0.6922222222222222,0.4927536231884058,0.6476190476190476,55,70,4,68,False
0.11659150570631027,0.9444444444444444,0.448,0.6294416243654822,0.6962222222222222,0.49635036496350365,0.6507177033492823,56,69,4,68,False
0.11779961735010147,0.9444444444444444,0.456,0.6345177664974619,0.7002222222222222,0.5,0.6538461538461539,57,68,4,68,False
0.11824573576450348,0.9444444444444444,0.464,0.6395939086294417,0.7042222222222222,0.5037037037037037,0.6570048309178743,58,67,4,68,False
0.11829464137554169,0.9444444444444444,0.472,0.6446700507614214,0.7082222222222222,0.5074626865671642,0.6601941747572816,59,66,4,68,False
0.12254684418439865,0.9444444444444444,0.48,0.649746192893401,0.7122222222222222,0.5112781954887218,0.6634146341463415,60,65,4,68,False
0.1278565675020218,0.9444444444444444,0.488,0.6548223350253807,0.7162222222222222,0.5151515151515151,0.6666666666666666,61,64,4,68,False
0.12897785007953644,0.9444444444444444,0.496,0.6598984771573604,0.7202222222222222,0.5190839694656488,0.6699507389162561,62,63,4,68,False
0.13127675652503967,0.9444444444444444,0.504,0.6649746192893401,0.7242222222222222,0.5230769230769231,0.6732673267326732,63,62,4,68,False
0.1345570683479309,0.9444444444444444,0.512,0.6700507614213198,0.7282222222222222,0.5271317829457365,0.6766169154228856,64,61,4,68,False
0.13653482496738434,0.9444444444444444,0.52,0.6751269035532995,0.7322222222222222,0.53125,0.6799999999999999,65,60,4,68,False
0.14072394371032715,0.9444444444444444,0.528,0.6802030456852792,0.7362222222222222,0.5354330708661418,0.6834170854271356,66,59,4,68,False
0.1447489708662033,0.9444444444444444,0.536,0.6852791878172588,0.7402222222222222,0.5396825396825397,0.6868686868686867,67,58,4,68,False
0.14622463285923004,0.9444444444444444,0.544,0.6903553299492385,0.7442222222222222,0.544,0.6903553299492385,68,57,4,68,False
0.14781659841537476,0.9444444444444444,0.552,0.6954314720812182,0.7482222222222222,0.5483870967741935,0.6938775510204082,69,56,4,68,False
0.14858213067054749,0.9444444444444444,0.56,0.700507614213198,0.7522222222222222,0.5528455284552846,0.6974358974358974,70,55,4,68,False
0.14901725947856903,0.9444444444444444,0.568,0.7055837563451777,0.7562222222222221,0.5573770491803278,0.7010309278350515,71,54,4,68,False
0.1540173441171646,0.9444444444444444,0.576,0.7106598984771574,0.7602222222222221,0.5619834710743802,0.7046632124352331,72,53,4,68,False
0.17024800181388855,0.9444444444444444,0.584,0.7157360406091371,0.7642222222222221,0.5666666666666667,0.7083333333333334,73,52,4,68,False
0.17359542846679688,0.9444444444444444,0.592,0.7208121827411168,0.7682222222222221,0.5714285714285714,0.7120418848167539,74,51,4,68,False
0.1741941273212433,0.9444444444444444,0.6,0.7258883248730964,0.7722222222222221,0.576271186440678,0.7157894736842105,75,50,4,68,False
0.17434418201446533,0.9305555555555556,0.6,0.7208121827411168,0.7652777777777777,0.5726495726495726,0.708994708994709,75,50,5,67,False
0.17486071586608887,0.9305555555555556,0.608,0.7258883248730964,0.7692777777777777,0.5775862068965517,0.7127659574468085,76,49,5,67,True
0.180469810962677,0.9305555555555556,0.616,0.7309644670050761,0.7732777777777777,0.5826086956521739,0.7165775401069518,77,48,5,67,True
0.18895159661769867,0.9305555555555556,0.624,0.7360406091370558,0.7772777777777777,0.5877192982456141,0.7204301075268819,78,47,5,67,True
0.19217434525489807,0.9305555555555556,0.632,0.7411167512690355,0.7812777777777777,0.5929203539823009,0.7243243243243244,79,46,5,67,True
0.1927352100610733,0.9166666666666666,0.632,0.7360406091370558,0.7743333333333333,0.5892857142857143,0.717391304347826,79,46,6,66,True
0.1982090324163437,0.9027777777777778,0.632,0.7309644670050761,0.7673888888888889,0.5855855855855856,0.7103825136612022,79,46,7,65,False
0.19937178492546082,0.9027777777777778,0.64,0.7360406091370558,0.7713888888888889,0.5909090909090909,0.7142857142857143,80,45,7,65,False
0.22141554951667786,0.9027777777777778,0.648,0.7411167512690355,0.7753888888888889,0.5963302752293578,0.718232044198895,81,44,7,65,False
0.2226451337337494,0.8888888888888888,0.648,0.7360406091370558,0.7684444444444445,0.5925925925925926,0.711111111111111,81,44,8,64,False
0.22699688374996185,0.8888888888888888,0.656,0.7411167512690355,0.7724444444444445,0.5981308411214953,0.7150837988826816,82,43,8,64,False
0.23226484656333923,0.8888888888888888,0.664,0.7461928934010152,0.7764444444444445,0.6037735849056604,0.7191011235955056,83,42,8,64,False
0.23852072656154633,0.8888888888888888,0.672,0.751269035532995,0.7804444444444445,0.6095238095238096,0.7231638418079096,84,41,8,64,False
0.23975148797035217,0.8888888888888888,0.68,0.7563451776649747,0.7844444444444445,0.6153846153846154,0.7272727272727274,85,40,8,64,False
0.24483433365821838,0.8888888888888888,0.688,0.7614213197969543,0.7884444444444444,0.6213592233009708,0.7314285714285714,86,39,8,64,False
0.24539947509765625,0.8888888888888888,0.696,0.766497461928934,0.7924444444444444,0.6274509803921569,0.735632183908046,87,38,8,64,False
0.24746698141098022,0.875,0.696,0.7614213197969543,0.7855,0.6237623762376238,0.7283236994219653,87,38,9,63,False
0.25158658623695374,0.875,0.704,0.766497461928934,0.7895,0.63,0.7325581395348838,88,37,9,63,False
0.2634395658969879,0.875,0.712,0.7715736040609137,0.7935,0.6363636363636364,0.7368421052631579,89,36,9,63,False
0.265235960483551,0.875,0.72,0.7766497461928934,0.7975,0.6428571428571429,0.7411764705882353,90,35,9,63,False
0.266838014125824,0.875,0.728,0.7817258883248731,0.8015,0.6494845360824743,0.7455621301775148,91,34,9,63,False
0.2768569886684418,0.8611111111111112,0.728,0.7766497461928934,0.7945555555555556,0.6458333333333334,0.738095238095238,91,34,10,62,False
0.2892490327358246,0.8611111111111112,0.736,0.7817258883248731,0.7985555555555556,0.6526315789473685,0.7425149700598802,92,33,10,62,False
0.2923181354999542,0.8611111111111112,0.744,0.7868020304568528,0.8025555555555556,0.6595744680851063,0.7469879518072289,93,32,10,62,False
0.31213903427124023,0.8611111111111112,0.752,0.7918781725888325,0.8065555555555556,0.6666666666666666,0.7515151515151516,94,31,10,62,False
0.3127504289150238,0.8611111111111112,0.76,0.7969543147208121,0.8105555555555556,0.6739130434782609,0.7560975609756099,95,30,10,62,False
0.3287947475910187,0.8611111111111112,0.768,0.8020304568527918,0.8145555555555556,0.6813186813186813,0.7607361963190185,96,29,10,62,False
0.3313392996788025,0.8611111111111112,0.776,0.8071065989847716,0.8185555555555556,0.6888888888888889,0.7654320987654321,97,28,10,62,False
0.35074180364608765,0.8472222222222222,0.776,0.8020304568527918,0.8116111111111111,0.6853932584269663,0.7577639751552795,97,28,11,61,False
0.35848554968833923,0.8472222222222222,0.784,0.8071065989847716,0.8156111111111111,0.6931818181818182,0.7625000000000001,98,27,11,61,False
0.36287492513656616,0.8472222222222222,0.792,0.8121827411167513,0.8196111111111111,0.7011494252873564,0.7672955974842768,99,26,11,61,False
0.36330264806747437,0.8472222222222222,0.8,0.817258883248731,0.8236111111111111,0.7093023255813954,0.7721518987341772,100,25,11,61,False
0.3638235032558441,0.8333333333333334,0.8,0.8121827411167513,0.8166666666666667,0.7058823529411765,0.7643312101910827,100,25,12,60,False
0.3642251491546631,0.8333333333333334,0.808,0.817258883248731,0.8206666666666667,0.7142857142857143,0.7692307692307692,101,24,12,60,False
0.3681236803531647,0.8194444444444444,0.808,0.8121827411167513,0.8137222222222222,0.7108433734939759,0.7612903225806451,101,24,13,59,False
0.3721041679382324,0.8194444444444444,0.816,0.817258883248731,0.8177222222222222,0.7195121951219512,0.7662337662337662,102,23,13,59,False
0.3746386766433716,0.8194444444444444,0.824,0.8223350253807107,0.8217222222222222,0.7283950617283951,0.7712418300653595,103,22,13,59,False
0.3807489573955536,0.8194444444444444,0.832,0.8274111675126904,0.8257222222222222,0.7375,0.7763157894736842,104,21,13,59,False
0.3923448622226715,0.8194444444444444,0.84,0.8324873096446701,0.8297222222222222,0.7468354430379747,0.781456953642384,105,20,13,59,False
0.41885533928871155,0.8194444444444444,0.848,0.8375634517766497,0.8337222222222223,0.7564102564102564,0.7866666666666666,106,19,13,59,False
0.4320206940174103,0.8194444444444444,0.856,0.8426395939086294,0.8377222222222223,0.7662337662337663,0.7919463087248323,107,18,13,59,False
0.43219128251075745,0.8194444444444444,0.864,0.8477157360406091,0.8417222222222223,0.7763157894736842,0.7972972972972973,108,17,13,59,False
0.4340052902698517,0.8194444444444444,0.872,0.8527918781725888,0.8457222222222223,0.7866666666666666,0.802721088435374,109,16,13,59,False
0.43855103850364685,0.8055555555555556,0.872,0.8477157360406091,0.8387777777777778,0.7837837837837838,0.7945205479452055,109,16,14,58,False
0.4586583375930786,0.7916666666666666,0.872,0.8426395939086294,0.8318333333333333,0.7808219178082192,0.7862068965517242,109,16,15,57,False
0.4613187909126282,0.7916666666666666,0.88,0.8477157360406091,0.8358333333333333,0.7916666666666666,0.7916666666666666,110,15,15,57,False
0.4695473909378052,0.7777777777777778,0.88,0.8426395939086294,0.8288888888888889,0.7887323943661971,0.7832167832167832,110,15,16,56,False
0.47321999073028564,0.7777777777777778,0.888,0.8477157360406091,0.8328888888888889,0.8,0.7887323943661971,111,14,16,56,False
0.47794991731643677,0.7777777777777778,0.896,0.8527918781725888,0.8368888888888889,0.8115942028985508,0.7943262411347518,112,13,16,56,False
0.48384931683540344,0.7777777777777778,0.904,0.8578680203045685,0.8408888888888889,0.8235294117647058,0.7999999999999999,113,12,16,56,False
0.49701163172721863,0.7777777777777778,0.912,0.8629441624365483,0.8448888888888889,0.835820895522388,0.8057553956834532,114,11,16,56,False
0.49779969453811646,0.7638888888888888,0.912,0.8578680203045685,0.8379444444444444,0.8333333333333334,0.7971014492753623,114,11,17,55,False
0.510315477848053,0.75,0.912,0.8527918781725888,0.831,0.8307692307692308,0.7883211678832116,114,11,18,54,False
0.5153012871742249,0.7361111111111112,0.912,0.8477157360406091,0.8240555555555555,0.828125,0.7794117647058824,114,11,19,53,False
0.5194312334060669,0.7361111111111112,0.92,0.8527918781725888,0.8280555555555555,0.8412698412698413,0.7851851851851852,115,10,19,53,False
0.5315665602684021,0.7222222222222222,0.92,0.8477157360406091,0.8211111111111111,0.8387096774193549,0.7761194029850746,115,10,20,52,False
0.5613114237785339,0.7222222222222222,0.928,0.8527918781725888,0.8251111111111111,0.8524590163934426,0.7819548872180451,116,9,20,52,False
0.615890622138977,0.7083333333333334,0.928,0.8477157360406091,0.8181666666666667,0.85,0.7727272727272727,116,9,21,51,False
0.6161454916000366,0.6944444444444444,0.928,0.8426395939086294,0.8112222222222223,0.847457627118644,0.7633587786259541,116,9,22,50,False
0.6197995543479919,0.6805555555555556,0.928,0.8375634517766497,0.8042777777777779,0.8448275862068966,0.7538461538461538,116,9,23,49,False
0.62491774559021,0.6666666666666666,0.928,0.8324873096446701,0.7973333333333333,0.8421052631578947,0.744186046511628,116,9,24,48,False
0.6337794065475464,0.6666666666666666,0.936,0.8375634517766497,0.8013333333333333,0.8571428571428571,0.75,117,8,24,48,False
0.6359535455703735,0.6666666666666666,0.944,0.8426395939086294,0.8053333333333332,0.8727272727272727,0.7559055118110236,118,7,24,48,False
0.6410221457481384,0.6527777777777778,0.944,0.8375634517766497,0.7983888888888888,0.8703703703703703,0.746031746031746,118,7,25,47,False
0.6535893678665161,0.6527777777777778,0.952,0.8426395939086294,0.8023888888888888,0.8867924528301887,0.752,119,6,25,47,False
0.65739905834198,0.6388888888888888,0.952,0.8375634517766497,0.7954444444444444,0.8846153846153846,0.7419354838709676,119,6,26,46,False
0.6582237482070923,0.625,0.952,0.8324873096446701,0.7885,0.8823529411764706,0.7317073170731708,119,6,27,45,False
0.6680876016616821,0.625,0.96,0.8375634517766497,0.7925,0.9,0.7377049180327869,120,5,27,45,False
0.6684525012969971,0.6111111111111112,0.96,0.8324873096446701,0.7855555555555556,0.8979591836734694,0.7272727272727272,120,5,28,44,False
0.6757103204727173,0.5972222222222222,0.96,0.8274111675126904,0.7786111111111111,0.8958333333333334,0.7166666666666667,120,5,29,43,False
0.6765009164810181,0.5833333333333334,0.96,0.8223350253807107,0.7716666666666667,0.8936170212765957,0.7058823529411765,120,5,30,42,False
0.6803966760635376,0.5694444444444444,0.96,0.817258883248731,0.7647222222222222,0.8913043478260869,0.6949152542372882,120,5,31,41,False
0.6854814291000366,0.5555555555555556,0.96,0.8121827411167513,0.7577777777777778,0.8888888888888888,0.6837606837606838,120,5,32,40,False
0.6965659260749817,0.5555555555555556,0.968,0.817258883248731,0.7617777777777778,0.9090909090909091,0.6896551724137931,121,4,32,40,False
0.7063317894935608,0.5416666666666666,0.968,0.8121827411167513,0.7548333333333332,0.9069767441860465,0.6782608695652174,121,4,33,39,False
0.7312690019607544,0.5277777777777778,0.968,0.8071065989847716,0.7478888888888888,0.9047619047619048,0.6666666666666666,121,4,34,38,False
0.7324106097221375,0.5138888888888888,0.968,0.8020304568527918,0.7409444444444444,0.9024390243902439,0.6548672566371682,121,4,35,37,False
0.7333101034164429,0.5,0.968,0.7969543147208121,0.734,0.9,0.6428571428571429,121,4,36,36,False
0.7404720783233643,0.4861111111111111,0.968,0.7918781725888325,0.7270555555555556,0.8974358974358975,0.6306306306306306,121,4,37,35,False
0.7567624449729919,0.4722222222222222,0.968,0.7868020304568528,0.7201111111111111,0.8947368421052632,0.6181818181818182,121,4,38,34,False
0.7579475045204163,0.4583333333333333,0.968,0.7817258883248731,0.7131666666666666,0.8918918918918919,0.6055045871559633,121,4,39,33,False
0.7587886452674866,0.4444444444444444,0.968,0.7766497461928934,0.7062222222222222,0.8888888888888888,0.5925925925925926,121,4,40,32,False
0.7684714198112488,0.4305555555555556,0.968,0.7715736040609137,0.6992777777777778,0.8857142857142857,0.5794392523364487,121,4,41,31,False
0.7848678827285767,0.4166666666666667,0.968,0.766497461928934,0.6923333333333334,0.8823529411764706,0.5660377358490566,121,4,42,30,False
0.7929441928863525,0.4027777777777778,0.968,0.7614213197969543,0.6853888888888888,0.8787878787878788,0.5523809523809524,121,4,43,29,False
0.7976622581481934,0.4027777777777778,0.976,0.766497461928934,0.6893888888888888,0.90625,0.5576923076923077,122,3,43,29,False
0.8209904432296753,0.4027777777777778,0.984,0.7715736040609137,0.6933888888888888,0.9354838709677419,0.5631067961165049,123,2,43,29,False
0.8370814919471741,0.3888888888888889,0.984,0.766497461928934,0.6864444444444444,0.9333333333333333,0.5490196078431373,123,2,44,28,False
0.8372578620910645,0.375,0.984,0.7614213197969543,0.6795,0.9310344827586207,0.5346534653465347,123,2,45,27,False
0.840732753276825,0.3611111111111111,0.984,0.7563451776649747,0.6725555555555556,0.9285714285714286,0.52,123,2,46,26,False
0.8450337648391724,0.3472222222222222,0.984,0.751269035532995,0.6656111111111112,0.9259259259259259,0.505050505050505,123,2,47,25,False
0.8466975092887878,0.3333333333333333,0.984,0.7461928934010152,0.6586666666666666,0.9230769230769231,0.489795918367347,123,2,48,24,False
0.8482155203819275,0.3194444444444444,0.984,0.7411167512690355,0.6517222222222222,0.92,0.47422680412371127,123,2,49,23,False
0.8494589924812317,0.3055555555555556,0.984,0.7360406091370558,0.6447777777777778,0.9166666666666666,0.4583333333333333,123,2,50,22,False
0.8519530892372131,0.2916666666666667,0.984,0.7309644670050761,0.6378333333333334,0.9130434782608695,0.4421052631578948,123,2,51,21,False
0.8676418662071228,0.2777777777777778,0.984,0.7258883248730964,0.6308888888888888,0.9090909090909091,0.4255319148936171,123,2,52,20,False
0.8831202983856201,0.2638888888888889,0.984,0.7208121827411168,0.6239444444444444,0.9047619047619048,0.4086021505376344,123,2,53,19,False
0.8901641368865967,0.25,0.984,0.7157360406091371,0.617,0.9,0.391304347826087,123,2,54,18,False
0.8932114839553833,0.2361111111111111,0.984,0.7106598984771574,0.6100555555555556,0.8947368421052632,0.3736263736263737,123,2,55,17,False
0.8956082463264465,0.2361111111111111,0.992,0.7157360406091371,0.6140555555555556,0.9444444444444444,0.37777777777777777,124,1,55,17,False
0.9047565460205078,0.2222222222222222,0.992,0.7106598984771574,0.6071111111111112,0.9411764705882353,0.3595505617977528,124,1,56,16,False
0.9238453507423401,0.20833333333333334,0.992,0.7055837563451777,0.6001666666666666,0.9375,0.34090909090909094,124,1,57,15,False
0.9311422109603882,0.19444444444444445,0.992,0.700507614213198,0.5932222222222222,0.9333333333333333,0.32183908045977017,124,1,58,14,False
0.9410752058029175,0.18055555555555555,0.992,0.6954314720812182,0.5862777777777778,0.9285714285714286,0.3023255813953489,124,1,59,13,False
0.9432148933410645,0.16666666666666666,0.992,0.6903553299492385,0.5793333333333334,0.9230769230769231,0.2823529411764706,124,1,60,12,False
0.9442448616027832,0.1527777777777778,0.992,0.6852791878172588,0.5723888888888888,0.9166666666666666,0.2619047619047619,124,1,61,11,False
0.9510692954063416,0.1388888888888889,0.992,0.6802030456852792,0.5654444444444444,0.9090909090909091,0.24096385542168675,124,1,62,10,False
0.9519152045249939,0.125,0.992,0.6751269035532995,0.5585,0.9,0.21951219512195125,124,1,63,9,False
0.9521522521972656,0.1111111111111111,0.992,0.6700507614213198,0.5515555555555556,0.8888888888888888,0.19753086419753085,124,1,64,8,False
0.9566152691841125,0.09722222222222222,0.992,0.6649746192893401,0.5446111111111112,0.875,0.17500000000000002,124,1,65,7,False
0.9592400789260864,0.08333333333333333,0.992,0.6598984771573604,0.5376666666666666,0.8571428571428571,0.1518987341772152,124,1,66,6,False
0.9618392586708069,0.06944444444444445,0.992,0.6548223350253807,0.5307222222222222,0.8333333333333334,0.12820512820512822,124,1,67,5,False
0.9635957479476929,0.05555555555555555,0.992,0.649746192893401,0.5237777777777778,0.8,0.10389610389610389,124,1,68,4,False
0.9714394807815552,0.041666666666666664,0.992,0.6446700507614214,0.5168333333333334,0.75,0.07894736842105264,124,1,69,3,False
0.974811851978302,0.027777777777777776,0.992,0.6395939086294417,0.5098888888888888,0.6666666666666666,0.05333333333333333,124,1,70,2,False
0.9778521060943604,0.027777777777777776,1.0,0.6446700507614214,0.5138888888888888,1.0,0.05405405405405406,125,0,70,2,False
0.989352285861969,0.013888888888888888,1.0,0.6395939086294417,0.5069444444444444,1.0,0.0273972602739726,125,0,71,1,False
