epoch,train_loss_mean,train_loss_std,val_loss_mean,val_loss_std,train_auc_mean,train_auc_std,val_auc_mean,val_auc_std,fold_1_val_auc,fold_2_val_auc,fold_3_val_auc,fold_4_val_auc,fold_5_val_auc
1,0.6201020352659539,0.021371275380741742,0.4981312174674793,0.039793187753792404,0.7140248033877798,0.03295854431323391,0.8890285714285715,0.051438729155596864,0.8480000000000001,0.8800000000000001,0.9771428571428571,0.8571428571428572,0.8828571428571429
2,0.43251816541362575,0.02701248540843391,0.39290252334032305,0.07972320119393524,0.8913085299455534,0.016826789387876306,0.9121523809523809,0.03539716990365487,0.8959999999999999,0.8933333333333333,0.9714285714285714,0.8828571428571428,0.9171428571428571
3,0.3425062730238003,0.02649781016575362,0.3770545616822365,0.09848972491251258,0.928065335753176,0.009302968234618644,0.9232761904761905,0.036561853905371554,0.9119999999999999,0.8986666666666666,0.98,0.8885714285714286,0.9371428571428572
4,0.25695136463695945,0.02327011930095693,0.36499620194618515,0.1042950004455886,0.9603702359346643,0.007004631780981265,0.9309333333333332,0.038663757807544455,0.9226666666666667,0.9119999999999999,0.9828571428571429,0.8828571428571428,0.9542857142857142
5,0.2683486747760201,0.0378006800202318,0.3778213749252833,0.15701469253386113,0.9578905021173624,0.01256735019405764,0.9286476190476189,0.04159836033747525,0.912,0.9226666666666667,0.9771428571428571,0.8714285714285716,0.96
6,0.18839601963100092,0.04618486711224999,0.370600544772087,0.12053834592287761,0.9808638838475499,0.0100694338656407,0.925142857142857,0.02717174736514537,0.9146666666666665,0.9253333333333333,0.9628571428571429,0.8885714285714286,0.9342857142857143
7,0.17054382014431263,0.007803253151663212,0.389221902917593,0.11222533720352847,0.9834670296430733,0.002262216662543837,0.9158857142857144,0.03258440287403768,0.9093333333333332,0.9386666666666668,0.9571428571428571,0.8742857142857143,0.9
8,0.16846183573938728,0.01632290306972782,0.4351607361512306,0.07590539096125885,0.9820955837870539,0.004392532892269191,0.9112761904761904,0.037116327521826344,0.9173333333333333,0.9333333333333333,0.9571428571428571,0.8828571428571428,0.8657142857142857
9,0.1757537749174919,0.05159515246062945,0.5506348753892458,0.1416592925895801,0.9805632183908047,0.011153875521311305,0.9133333333333333,0.03449959742116164,0.9226666666666667,0.944,0.9457142857142857,0.8714285714285714,0.8828571428571428
10,0.1164250564727595,0.023172790060432043,0.4936196685754336,0.119573993624653,0.9924404113732607,0.005596492176284299,0.9144761904761906,0.026555550811677077,0.9413333333333334,0.9253333333333333,0.9314285714285714,0.8771428571428572,0.8971428571428571
11,0.14624121455208522,0.03089499065732746,0.4648895094027886,0.14323147439490153,0.987750756200847,0.004067580442323642,0.9252190476190476,0.02069434179462895,0.9333333333333333,0.9413333333333334,0.94,0.8914285714285713,0.9199999999999999
12,0.18647418555452258,0.0420103988680255,0.47650531900234716,0.07796970179408706,0.9787434966727163,0.00865919474038239,0.9113523809523809,0.03564032977647602,0.9333333333333333,0.9520000000000001,0.9228571428571428,0.88,0.8685714285714287
13,0.1037311141769112,0.03157244063772327,0.49043324948885497,0.10490464564836023,0.993832425892317,0.005030549050103086,0.9095619047619048,0.035391019525277186,0.9039999999999999,0.9466666666666668,0.9457142857142857,0.8771428571428571,0.8742857142857143
14,0.09446843957559559,0.01961312803735458,0.5294342041932619,0.07372824371029506,0.9939673321234122,0.0030602420371063257,0.9073142857142857,0.040244964192519,0.9119999999999999,0.9359999999999999,0.9542857142857142,0.8571428571428572,0.8771428571428572
15,0.09047009632505591,0.01858815935050322,0.6602487136614628,0.16539476907184142,0.9961385359951602,0.001718998187032342,0.9076571428571428,0.04751806435356235,0.9306666666666666,0.9333333333333333,0.96,0.8571428571428572,0.8571428571428572
16,0.0849802418271868,0.031227623517919068,0.6320218315548621,0.21694186536076288,0.9944797338173018,0.004717687333634739,0.9145904761904762,0.03893377131428229,0.92,0.9386666666666666,0.96,0.8600000000000001,0.8942857142857144
17,0.11444861657387675,0.05360393493192302,0.5514940312122688,0.13019445958409412,0.9920127041742287,0.006118026434097329,0.9130285714285714,0.03037321889928451,0.9306666666666666,0.9173333333333333,0.9457142857142857,0.8657142857142858,0.9057142857142857
18,0.05872402663919259,0.030243670118717682,0.47959701472368,0.17704485318440794,0.9981554748941319,0.0022087946122125337,0.9295238095238096,0.031791839966182726,0.9226666666666667,0.9306666666666668,0.96,0.88,0.9542857142857143
19,0.1394208289989827,0.09086359301758729,0.49453351278144575,0.1145456106366845,0.9873732607380521,0.01291795764210783,0.9190095238095239,0.025293703338408753,0.8906666666666666,0.9386666666666668,0.9514285714285714,0.9028571428571428,0.9114285714285715
20,0.06696028307063073,0.030624664575584208,0.5855074047278135,0.2000230724622253,0.9989969751966121,0.0009988141705194178,0.9114666666666666,0.016970242062099718,0.9066666666666667,0.9306666666666668,0.9257142857142856,0.8885714285714286,0.9057142857142857
21,0.07059945162981304,0.022611522555874394,0.4634106006683448,0.159739824896857,0.9971820931639443,0.001525887545278537,0.9216380952380954,0.03371471616620555,0.912,0.9333333333333333,0.9371428571428572,0.8685714285714285,0.9571428571428572
22,0.04816768736635817,0.017532883356587984,0.48771077342522445,0.15138605478214048,0.9991693889897156,0.000783288591899837,0.9238476190476191,0.02331929606915692,0.912,0.9386666666666668,0.9514285714285714,0.8914285714285715,0.9257142857142857
23,0.06407397879512265,0.022542387055178123,0.45893905019721914,0.061423487600648426,0.997820326678766,0.0017563192093582331,0.9254857142857145,0.012866945117003897,0.9173333333333334,0.9386666666666668,0.937142857142857,0.9085714285714286,0.9257142857142857
24,0.06170812346681557,0.023266714270399988,0.5170002771684757,0.11521056046969126,0.9977840290381126,0.00208412860602031,0.913142857142857,0.019840177747722496,0.912,0.9279999999999999,0.937142857142857,0.9,0.8885714285714286
25,0.03970370020643495,0.013337046938775762,0.4973285285402567,0.17125978406999348,0.9992365396249244,0.0009293818546585553,0.9234666666666665,0.010547291191292756,0.92,0.9173333333333333,0.937142857142857,0.9314285714285714,0.9114285714285715
26,0.05714923589665159,0.03273662091372756,0.5121522966523965,0.10676786820905444,0.9979927404718694,0.0019984459593271205,0.9329142857142857,0.020010609430897355,0.9200000000000002,0.9359999999999999,0.9514285714285714,0.9514285714285715,0.9057142857142857
27,0.06818023373152919,0.04119570284711317,0.5215751929657582,0.1837123021756531,0.9958227465214762,0.004922306894087969,0.9215238095238096,0.03793322692858361,0.9093333333333333,0.944,0.9714285714285715,0.9114285714285715,0.8714285714285714
28,0.08470031661667408,0.045750271329749716,0.6051288801355239,0.14409114858927446,0.9953297035692679,0.005093288847539216,0.9077333333333334,0.02224440616069976,0.9173333333333333,0.9413333333333334,0.8885714285714286,0.9028571428571428,0.8885714285714286
29,0.06700161963990789,0.05089264530755142,0.5476507016328664,0.10459020028473547,0.997201451905626,0.004667514409039833,0.9253714285714286,0.017376398620685053,0.9226666666666666,0.9413333333333334,0.9371428571428572,0.897142857142857,0.9285714285714286
30,0.06318864422424333,0.015546291554588252,0.49349275819766214,0.08832411018427257,0.9975983061101029,0.00193136124190699,0.9249904761904763,0.027541566195129978,0.9199999999999999,0.9306666666666666,0.9628571428571429,0.8857142857142857,0.9257142857142857
31,0.05918632657985375,0.059334415964531255,0.5069151624578696,0.15280176252169725,0.9977555958862674,0.003083362380181511,0.9227047619047619,0.01631681797265739,0.92,0.9306666666666666,0.9457142857142857,0.9028571428571428,0.9142857142857143
32,0.04628571925335949,0.024940150425509698,0.5451506213041452,0.1429714781570683,0.9989546279491833,0.0009621314281616631,0.9209142857142858,0.018452807982769992,0.92,0.9359999999999999,0.9428571428571428,0.9028571428571428,0.9028571428571428
33,0.03366543813397963,0.027774499225374897,0.5664149931990183,0.12556610719319455,0.9993369630973987,0.001009166165614833,0.9236571428571428,0.0198138273713596,0.92,0.944,0.94,0.8942857142857144,0.92
34,0.03973884468324952,0.03241436877400702,0.5545164335385347,0.11295695538071238,0.9984137931034484,0.002979817166342201,0.9306285714285714,0.0180160674068248,0.9146666666666667,0.9413333333333332,0.9542857142857143,0.9114285714285715,0.9314285714285715
35,0.026880052394803493,0.011087114535420516,0.5643291548276559,0.12762681473232815,0.999687840290381,0.00030996782484195377,0.9197714285714286,0.029733632285492598,0.9146666666666666,0.9413333333333332,0.9457142857142857,0.9257142857142857,0.8714285714285714
36,0.03252225268148904,0.01619993899553998,0.6449500864591353,0.15124686659190262,0.9991324863883847,0.000786720484534885,0.9099809523809524,0.04117890836740413,0.9093333333333334,0.952,0.9428571428571428,0.8971428571428571,0.8485714285714285
37,0.04338097711467889,0.03404981668576708,0.6156949708247796,0.11543644070867884,0.9992686025408348,0.0009128153014706105,0.9134857142857143,0.02348440887732669,0.9146666666666666,0.9413333333333332,0.9314285714285715,0.8885714285714286,0.8914285714285713
38,0.04941961835542664,0.03691821893410938,0.5682915980693621,0.04815718709194225,0.9976200846944948,0.002715655611448085,0.9154666666666668,0.011846639065273216,0.9146666666666666,0.9226666666666666,0.9314285714285715,0.9057142857142858,0.9028571428571428
39,0.040176246020533546,0.030291475349219617,0.5841733207458104,0.14437747747647697,0.9988112522686026,0.002007188966377398,0.9092571428571429,0.031237107998337083,0.9093333333333334,0.9226666666666667,0.94,0.9171428571428573,0.8571428571428571
40,0.016633681640727878,0.013695839537214764,0.6901358692309796,0.17551827610634016,0.9998620689655173,0.0002248000829380556,0.9044952380952381,0.04177634001482195,0.9146666666666666,0.9306666666666666,0.9400000000000001,0.9028571428571428,0.8342857142857143
41,0.022255425813017787,0.00785233379737959,0.6024989191996746,0.18339291277202305,0.9995117967332124,0.0006720702003180843,0.9136761904761906,0.0351632151641495,0.9173333333333333,0.9253333333333333,0.9571428571428572,0.9085714285714286,0.86
42,0.027621105038458667,0.025490700160188492,0.5827789589991937,0.14574968898685356,0.9993442226255294,0.0012748773011522687,0.9123428571428571,0.02998333626391065,0.9253333333333333,0.9306666666666666,0.94,0.9,0.8657142857142857
43,0.03226190633674947,0.020836772660780777,0.6927654581192212,0.2351834518620406,0.9992038717483365,0.0011542595826533174,0.9190095238095239,0.02735021877645924,0.936,0.9333333333333333,0.9457142857142857,0.8971428571428571,0.8828571428571428
44,0.02902838923736877,0.015779764241261693,0.7240352204824104,0.19202469235202593,0.9995819721718089,0.00043886968148710133,0.9202285714285715,0.0298869828860617,0.9306666666666668,0.9333333333333333,0.9571428571428571,0.8971428571428571,0.8828571428571429
45,0.02918368332586168,0.022057823860555496,0.6606207676117237,0.08731351061901091,0.9993750756200847,0.0007996690055928417,0.9249142857142857,0.023800531635290192,0.9199999999999999,0.9359999999999999,0.96,0.9085714285714286,0.8999999999999999
46,0.02096812115308218,0.007013967615818035,0.6186457253572268,0.11308095382975827,0.9998263762855414,0.0001739406606467413,0.9323047619047617,0.02254010283533917,0.92,0.9386666666666666,0.9571428571428571,0.9457142857142857,0.8999999999999999
47,0.04287347733223863,0.03251254607727404,0.7689859083218453,0.18444580653108017,0.9982068965517241,0.001945298304492165,0.9224,0.03526783815551022,0.888,0.944,0.9514285714285715,0.9485714285714285,0.8800000000000001
48,0.024318403272916886,0.010639418992258766,0.7618161226235902,0.20205399756829226,0.9997235329703569,0.00043257649689861644,0.9178285714285714,0.022772701165372247,0.888,0.944,0.9342857142857143,0.9199999999999999,0.9028571428571428
49,0.042036516451967876,0.020279155706921785,0.8187509823151122,0.2059392964575551,0.9988566243194192,0.0009363586565540864,0.9280761904761905,0.022131989140397143,0.8906666666666667,0.944,0.942857142857143,0.9257142857142857,0.9371428571428572
50,0.03575475629895375,0.028134051205035142,0.6286892385513355,0.22146154825189948,0.9990332728372657,0.0013213814737815224,0.9275428571428572,0.01751687233288328,0.904,0.9279999999999999,0.942857142857143,0.917142857142857,0.9457142857142857
51,0.059439105491496225,0.04931351604563554,0.6432397514046767,0.22180917255501764,0.9965547489413188,0.0038245334615342194,0.9210285714285714,0.025015405684136943,0.8906666666666666,0.9173333333333333,0.9571428571428572,0.9314285714285713,0.9085714285714286
52,0.05033520587848679,0.05904281650867681,0.7271138375505615,0.1895701333496832,0.9972413793103447,0.005323930226429154,0.8950095238095239,0.04046473787556109,0.8773333333333334,0.912,0.9571428571428572,0.8742857142857143,0.8542857142857143
53,0.0651149872156391,0.06155124699839826,0.6604519247244566,0.2128314728280853,0.9972359346642466,0.004282012999900147,0.9038857142857143,0.038550988117132035,0.8906666666666666,0.9173333333333333,0.9571428571428571,0.9028571428571428,0.8514285714285714
54,0.01951675397286078,0.013276728313698515,0.691543986430535,0.16976670468522986,0.9997894736842106,0.00047075115315787185,0.8972952380952381,0.03893908260597589,0.9120000000000001,0.9173333333333333,0.9428571428571428,0.8657142857142857,0.8485714285714285
55,0.062056830938582073,0.05656861414818145,0.7410724435402797,0.2271441800260971,0.995551724137931,0.006335356499348792,0.9041523809523809,0.030733261026668377,0.9066666666666666,0.9226666666666666,0.9428571428571428,0.8828571428571429,0.8657142857142857
56,0.04898064433178635,0.03954647191806798,0.584146397815874,0.23232015856184568,0.9981724137931035,0.00244317097709221,0.9156190476190478,0.03936779304522546,0.9013333333333333,0.9253333333333333,0.9771428571428572,0.9028571428571429,0.8714285714285714
57,0.030516328448086365,0.01759941526132688,0.6466122881112956,0.20450065802472855,0.9996890502117362,0.0002829395979678001,0.9126476190476192,0.03802794055741839,0.912,0.9226666666666666,0.9657142857142857,0.9028571428571429,0.8600000000000001
58,0.016393589882744686,0.0125397987096752,0.6698906727784719,0.17133048747004934,0.9998620689655173,0.0003084231693103264,0.9177523809523809,0.0318552280725716,0.912,0.9253333333333333,0.9685714285714285,0.8914285714285715,0.8914285714285715
59,0.02064524960425823,0.014760484218444265,0.6736337007620395,0.21687737657527792,0.999655172413793,0.00036574488682062744,0.9183238095238095,0.031214102284158298,0.904,0.9333333333333333,0.9657142857142857,0.8885714285714286,0.9
60,0.020806562876076566,0.013232097687370263,0.6136692184668322,0.17591723942687074,0.9997580157289777,0.00028832580749649824,0.915847619047619,0.035661395757769936,0.9226666666666666,0.9279999999999999,0.9657142857142857,0.8771428571428571,0.8857142857142857
61,0.01609759897363288,0.01029456174745677,0.6186328411102295,0.2186765790498298,0.9998614640048397,0.00022492011683842623,0.9137142857142859,0.04066990061859669,0.912,0.9280000000000002,0.9742857142857143,0.8828571428571429,0.8714285714285714
62,0.04081451480450074,0.04690236172675092,0.7132477797300387,0.2703394474056369,0.9981760435571687,0.003788747062953947,0.9133714285714285,0.04580653390896146,0.8933333333333333,0.9306666666666668,0.9857142857142858,0.8828571428571429,0.8742857142857143
63,0.021686178891257873,0.016627286701102154,0.7201586661889003,0.21214555837931215,0.9997192982456141,0.000403889980113034,0.9144380952380953,0.045301189084021906,0.9013333333333333,0.9279999999999999,0.9857142857142858,0.8885714285714286,0.8685714285714285
64,0.04920039207216036,0.036770460064468054,0.765143345961204,0.29961471190937095,0.9987108287961284,0.0015008487969673742,0.9103619047619048,0.04988814699790274,0.9093333333333333,0.9253333333333335,0.9857142857142857,0.8714285714285714,0.86
65,0.03739777438386385,0.0383506106270441,0.9077925976079243,0.46981120870372145,0.9989824561403509,0.0014274277618812935,0.9070857142857142,0.047153611087049865,0.9173333333333332,0.9066666666666667,0.9771428571428571,0.8857142857142857,0.8485714285714285
66,0.022958603440274818,0.020528982096080554,0.7423520323232962,0.3016239264899109,0.9992401693889897,0.0015105469570938087,0.9083428571428571,0.03814411150663217,0.9013333333333333,0.9146666666666666,0.9685714285714286,0.8914285714285715,0.8657142857142857
67,0.022551437899573236,0.024940646684230166,0.7007232957619888,0.29971632304115325,0.999719298245614,0.0005350158134027372,0.9038095238095238,0.03942328006822705,0.8933333333333333,0.9199999999999999,0.9628571428571429,0.8828571428571429,0.86
68,0.023561987898945015,0.02128870280747541,0.743497963945071,0.28388445603195495,0.9996872353297036,0.00043200504181109035,0.9007619047619049,0.052839550912073124,0.88,0.9066666666666666,0.98,0.9028571428571428,0.8342857142857143
69,0.04154539762254713,0.04987338778903515,0.7746754005016425,0.2807440988604986,0.9987719298245615,0.0016827479029167495,0.9061333333333332,0.05681723094648582,0.8986666666666666,0.912,0.9885714285714285,0.9028571428571428,0.8285714285714285
70,0.022629753380293695,0.0225180725163237,0.8546222601716336,0.38277091762068177,0.999578947368421,0.0005897451338235596,0.9039619047619049,0.05705030600238694,0.9013333333333333,0.9013333333333333,0.9914285714285714,0.8942857142857142,0.8314285714285714
71,0.04443132488801256,0.01186337537765525,0.7288634177660331,0.27215285507325554,0.9989213551119178,0.0006154400883752847,0.9110095238095239,0.04336950870962556,0.8906666666666666,0.8986666666666667,0.9857142857142858,0.9057142857142857,0.8742857142857143
72,0.029632229584826458,0.022892461252715806,0.6567795053430092,0.2228192002092856,0.9993357531760436,0.0009479214548382379,0.9092190476190476,0.03453444171257287,0.912,0.8826666666666667,0.9657142857142857,0.9057142857142858,0.88
73,0.029925862048622846,0.022671694369393113,0.6701471575101217,0.19274550088208472,0.9996533575317604,0.0005321659968649374,0.8999238095238095,0.032594422404486456,0.888,0.8773333333333333,0.9514285714285715,0.9114285714285715,0.8714285714285714
74,0.023646355901334123,0.00868273452647374,0.7171833248551076,0.19793981177166395,0.9996164549304296,0.0005171768107634518,0.8990857142857143,0.02871595193775768,0.8853333333333333,0.8986666666666667,0.9457142857142857,0.8971428571428572,0.8685714285714287
75,0.01634516535759827,0.008527740795039521,0.7002606451014678,0.16501304851989146,0.9998965517241378,0.0001542115846551694,0.9172571428571429,0.023821939619943524,0.8826666666666667,0.9093333333333333,0.9457142857142857,0.9171428571428571,0.9314285714285714
76,0.01211078070820335,0.006336950491035209,0.7296086146176244,0.23200253649853372,0.9998275862068965,0.00038552896163788315,0.9258285714285714,0.033599913616129136,0.8853333333333333,0.9066666666666667,0.9714285714285715,0.92,0.9457142857142857
77,0.010463874912481543,0.011851853908933825,0.7040032088658654,0.29278238329952994,1.0,0.0,0.9211809523809524,0.029737902702491603,0.8906666666666667,0.9066666666666667,0.9685714285714286,0.9114285714285715,0.9285714285714286
78,0.019578509354396943,0.013476340184458343,0.7269965963390393,0.2352674925253799,0.9997568058076224,0.0002638922103538809,0.9232761904761905,0.02226999852867351,0.8986666666666667,0.912,0.9571428571428572,0.9171428571428571,0.9314285714285715
79,0.022529451385158477,0.01845959446354843,0.658183727753468,0.19588839740240388,0.9995462794918331,0.0006635187365686021,0.9225904761904762,0.019656275359226465,0.896,0.9226666666666666,0.9514285714285715,0.9199999999999999,0.9228571428571429
80,0.01998514048902108,0.010492145298559963,0.686801264652839,0.14227698001821226,0.9998959467634604,0.00015455531790935164,0.9304761904761903,0.02285476178074104,0.9013333333333334,0.9253333333333333,0.9600000000000001,0.92,0.9457142857142857
81,0.029390281928839412,0.01600418379411968,0.7497901486089595,0.0990667535069549,0.9996176648517846,0.0003978369709165925,0.9209523809523809,0.01781741612749496,0.8933333333333333,0.92,0.9428571428571428,0.9228571428571428,0.9257142857142857
82,0.010389422337990761,0.009359872872176588,0.7917148027970241,0.09413031245839401,0.9999310344827587,0.0001542115846551632,0.9110857142857143,0.011299589621910274,0.8986666666666667,0.9253333333333333,0.9085714285714286,0.9199999999999999,0.9028571428571428
83,0.026060178777602173,0.02010081987136927,0.8307776068724119,0.1508842429754065,0.9996194797338174,0.000429193913642452,0.9104761904761904,0.011971242942834786,0.9066666666666666,0.92,0.9142857142857144,0.9199999999999999,0.8914285714285715
84,0.03853436788875912,0.03840169724695256,0.7808478412490626,0.1694864622737022,0.9990580762250453,0.0012995176353166958,0.9189714285714284,0.008105427760684373,0.912,0.92,0.9314285714285714,0.9199999999999999,0.9114285714285715
85,0.014761805903888281,0.013660399631624858,0.7360835399612403,0.1414303652963926,0.9999649122807017,7.845852552632851e-05,0.9190095238095239,0.009263489887615705,0.9226666666666667,0.9066666666666667,0.9314285714285714,0.9199999999999999,0.9142857142857144
86,0.010553435614697262,0.009873752837426008,0.7008294511529116,0.1817508796830066,0.9999649122807017,7.845852552632851e-05,0.9180952380952381,0.013652639225553712,0.9066666666666667,0.9066666666666667,0.94,0.9199999999999999,0.9171428571428571
87,0.01511346762148506,0.018525592103484197,0.7074053943615694,0.18769479148814522,0.9996896551724138,0.0006939521309482095,0.9241904761904761,0.015815833508517996,0.9146666666666666,0.912,0.9514285714285714,0.9199999999999999,0.9228571428571428
88,0.018380842173071753,0.03109153671319227,0.7848032843990204,0.23680291641477838,0.9996491228070175,0.0007845852552630867,0.9257523809523811,0.01758962794768176,0.9173333333333333,0.92,0.9571428571428571,0.9171428571428571,0.9171428571428571
89,0.010714533846871974,0.009563888492747157,0.9047248894740374,0.3218617885928309,0.9999298245614036,0.0001569170510526074,0.9199999999999999,0.03133868820938117,0.8746666666666667,0.9253333333333333,0.9628571428571429,0.92,0.9171428571428571
90,0.020912677710065008,0.018839875280848226,0.7508102115988732,0.2305335120356562,0.9998251663641863,0.00021487177942980086,0.9212190476190477,0.02765337767890485,0.9066666666666666,0.9279999999999999,0.9657142857142856,0.9114285714285715,0.8942857142857142
91,0.0455066884561087,0.05092302166026578,0.7751421575267345,0.19459594823533263,0.9981960072595282,0.0026487828661047293,0.9291047619047619,0.011741277459113311,0.9146666666666666,0.9279999999999999,0.9457142857142857,0.9228571428571428,0.9342857142857142
92,0.06615904117123825,0.07957588255525279,0.7535302686118162,0.1881457690957331,0.9981379310344828,0.002969824458233674,0.9154666666666668,0.02726252650569863,0.9093333333333333,0.9279999999999999,0.9514285714285714,0.9114285714285715,0.8771428571428572
93,0.017366261674712915,0.014642977674286059,0.8328930554634486,0.2791842447869591,0.9997586206896552,0.0002614784635879605,0.9046476190476191,0.03124146323307071,0.9066666666666667,0.9279999999999999,0.94,0.8628571428571429,0.8857142857142857
94,0.030268320374468898,0.03562452483689566,0.7546747044817759,0.1805284775115969,0.999448275862069,0.0007938527195325332,0.9075428571428571,0.02495514343123416,0.904,0.9279999999999999,0.9371428571428572,0.8771428571428571,0.8914285714285715
95,0.010852101406245198,0.012328578978931136,0.7228035453277138,0.16136352668568837,0.9999655172413793,7.710579232760643e-05,0.9103238095238094,0.02442681697960464,0.9066666666666666,0.9306666666666666,0.94,0.8885714285714286,0.8857142857142857
96,0.013718507197841501,0.01902310020558317,0.7478952243465644,0.14520636882622173,0.9999310344827587,0.0001542115846551632,0.9120761904761905,0.02526758385067304,0.904,0.9306666666666666,0.9457142857142857,0.8942857142857142,0.8857142857142858
97,0.013281814635392894,0.01190121006688072,0.8297243940218901,0.1338086613520353,0.9999310344827587,9.44349237078209e-05,0.9149714285714285,0.023022260744677486,0.904,0.9279999999999999,0.9485714285714286,0.9028571428571429,0.8914285714285715
98,0.004413707138929702,0.00474275102701068,0.9608560705490602,0.39590523045288994,1.0,0.0,0.9189714285714284,0.03231073619510064,0.904,0.9279999999999999,0.9714285714285714,0.9,0.8914285714285715
99,0.011560911665860445,0.00968276810905472,0.8364056953711387,0.207723544501575,0.9998620689655173,0.00022480008293800877,0.9195047619047619,0.0318948385420522,0.9066666666666667,0.9279999999999999,0.9714285714285713,0.8971428571428571,0.8942857142857144
100,0.008997080971453622,0.007987044751714892,0.7464907341698805,0.20383253859672812,0.9999655172413793,7.710579232760643e-05,0.9194285714285714,0.029566788992683474,0.9066666666666667,0.9333333333333333,0.9628571428571429,0.8857142857142857,0.9085714285714286
